{
 "architecture": "GistHybrid",
 "bits": 6,
 "slots": 64,
 "steps": 4,
 "step_size": 1.0,
 "pyramid_edges": [
  [
   0,
   3
  ],
  [
   1,
   3
  ],
  [
   1,
   5
  ],
  [
   2,
   5
  ],
  [
   3,
   4
  ],
  [
   5,
   4
  ]
 ],
 "pyr_w": [
  1.8807059914655995,
  2.3229275545639556,
  0.003000222707897722,
  2.25094357925886,
  1.9244309685908532,
  1.16713604280389
 ],
 "pyr_a": [
  -0.026924338163398558,
  -0.5461816244994578,
  -0.014965880996347807,
  0.3439209434464821,
  0.08899893732267042,
  0.40775847710807755
 ],
 "lat_w": [
  0.4441068704437703,
  0.49377052389295123,
  0.5781770864623368,
  0.32033244250512666,
  0.4537919556427527,
  0.5922526548139895
 ],
 "lat_a": [
  -0.3024818650327588,
  -0.040459047663369566,
  -0.1889831934005921,
  0.31506733753970295,
  -0.09476755173599864,
  0.001424584549560792
 ],
 "gain": 0.2754971148987706,
 "relax": 0.48033705611287986,
 "gate_beta": 6.32325817083377,
 "gate_delta": 0.458545388853678,
 "ladder_a": [
  0.0,
  0.0,
  0.0,
  0.0,
  0.0,
  0.0
 ],
 "w_slot": [
  [
   -5.72588606991807,
   -0.2679977125874117,
   4.767391330827758
  ],
  [
   -2.7931381861465896,
   0.8993783112862197,
   1.4099394161512964
  ],
  [
   -5.52938756850963,
   1.6602654424228664,
   3.6997922392792773
  ],
  [
   -8.82363112369276,
   -0.6428104956791333,
   7.944824498596513
  ],
  [
   -0.8355565009363709,
   -0.013975112916861236,
   0.5731311781364875
  ],
  [
   -5.179827646488434,
   -2.442455740754588,
   6.56965967277714
  ],
  [
   1.1433970529430035,
   -1.2007131423454027,
   1.174716374715738
  ],
  [
   0.024703665623021502,
   2.9558188647310204,
   -4.874067510928915
  ],
  [
   -3.198736208669187,
   3.9418802199674863,
   -4.552594787376402
  ],
  [
   -0.8232807018889566,
   1.1111490757250253,
   -1.4051632865259749
  ],
  [
   -0.09299233844963642,
   -0.08325233402694256,
   0.11550890394847592
  ],
  [
   -3.3228496530084195,
   2.5638378113056417,
   -1.6089276567359858
  ],
  [
   -0.14541970317746752,
   0.22143608012387953,
   0.3118045676017178
  ],
  [
   -1.9314906540660384,
   0.1596135392444539,
   1.3939492202859076
  ],
  [
   -0.5431786652969718,
   0.1818898072090508,
   0.45094151414223327
  ],
  [
   -0.6494158066400012,
   0.11076038466843591,
   0.835253988064804
  ],
  [
   0.5204741870085786,
   0.0773175341810983,
   -0.02772229679886836
  ],
  [
   0.023963037378766427,
   0.17258616773924917,
   -0.20377592287219026
  ]
 ],
 "b_slot": [
  -2.94680392378995,
  3.6418540903864964,
  -3.1562839916002936
 ],
 "w_glob": [
  [
   -5.092657833150284,
   -0.21760569943499194,
   5.397478882823123
  ],
  [
   0.20623692711575536,
   -0.49116868479263004,
   0.3561187832643526
  ],
  [
   -4.443688908381744,
   0.4110923043807462,
   4.686967361908514
  ],
  [
   -0.613077729356371,
   0.5625488463840612,
   -0.19262464546518457
  ],
  [
   -3.902635466184349,
   0.11757842518264716,
   4.308860249168514
  ]
 ],
 "b_glob": [
  -1.2531549740171843,
  1.8913288472641663,
  -0.6748763452458328
 ],
 "use": {
  "lattice": true,
  "gating": true,
  "bottleneck": true,
  "deploy": false
 }
}