{
 "architecture": "GistHybrid",
 "bits": 0,
 "slots": 1,
 "steps": 4,
 "step_size": 1.0,
 "pyramid_edges": [
  [
   0,
   3
  ],
  [
   1,
   3
  ],
  [
   1,
   5
  ],
  [
   2,
   5
  ],
  [
   3,
   4
  ],
  [
   5,
   4
  ]
 ],
 "pyr_w": [
  0.6022808047439603,
  0.6849376954387179,
  0.782705687185832,
  0.9715185771755827,
  1.556457285402631,
  0.3115208484479566
 ],
 "pyr_a": [
  -0.005661895840674374,
  0.17107799363422002,
  0.14470879741932005,
  0.12485937423395742,
  0.10298340641501776,
  -0.743348490337739
 ],
 "lat_w": [],
 "lat_a": [],
 "gain": 0.6758936369491843,
 "relax": 0.0,
 "gate_beta": 4.0,
 "gate_delta": 0.5,
 "ladder_a": [],
 "w_slot": [
  [
   -5.20248639107372,
   -0.04491564450049923,
   5.096441062764358
  ],
  [
   -2.8098357926963002,
   -1.4906143234866651,
   3.185238444811738
  ],
  [
   -2.408208461415655,
   -0.3098313551049955,
   3.010381367563304
  ],
  [
   -2.2275848014930126,
   0.10745751803588978,
   1.7559901487753862
  ],
  [
   -2.24063112776556,
   0.23815277122359188,
   1.6715669266558089
  ],
  [
   -2.2172431023260617,
   0.08312424267066702,
   2.075513373541662
  ],
  [
   -0.3874551494106855,
   0.2710894598242674,
   -0.02002923162422178
  ],
  [
   -2.4581518863291425,
   1.379837921948022,
   0.11504736903156991
  ],
  [
   -1.1065302324118313,
   1.1326239212005456,
   -1.1235803607712702
  ],
  [
   -1.0479911662109258,
   1.6772122344228415,
   -1.5058293424230567
  ],
  [
   -1.1621936606056997,
   1.817575105474837,
   -1.6041412480394086
  ],
  [
   -0.00017397100260161096,
   -0.17703700810854664,
   0.2708014856597608
  ],
  [
   -0.9403318501203459,
   0.044150514876044905,
   1.2131990261653063
  ],
  [
   -2.7603475729555784,
   -0.3982303593194549,
   2.42487107268653
  ],
  [
   -0.5757186000740601,
   0.24684811904289397,
   0.41380325699115683
  ],
  [
   -2.223560172523776,
   -0.05153991892490627,
   2.153737592271348
  ],
  [
   -3.440341465672941,
   -0.015350269966599576,
   3.3429191887411074
  ],
  [
   -3.1132045351790443,
   -0.03704061765126605,
   3.1031217886027163
  ]
 ],
 "b_slot": [
  -3.4866894027897617,
  4.942443284073168,
  -3.6736669424416637
 ],
 "w_glob": [
  [
   -3.9523691722067027,
   -0.14021380759570967,
   3.9870216252817987
  ],
  [
   -1.5829725827682397,
   1.9838085625261082,
   -1.2760629201078533
  ],
  [
   -1.952369172206701,
   -0.14021380759570976,
   1.9870216252817918
  ],
  [
   -3.53522652297481,
   4.47513022599803,
   -3.245757116720516
  ],
  [
   -14.433992709711845,
   0.09630336659923022,
   14.441944168687758
  ]
 ],
 "b_glob": [
  -0.7900919180454481,
  1.4915242064404284,
  -0.8397751468172591
 ],
 "use": {
  "lattice": false,
  "gating": false,
  "bottleneck": true,
  "deploy": true
 }
}