{
 "architecture": "GistHybrid",
 "bits": 0,
 "slots": 1,
 "steps": 6,
 "step_size": 1.0,
 "pyramid_edges": [
  [
   0,
   3
  ],
  [
   1,
   3
  ],
  [
   1,
   5
  ],
  [
   2,
   5
  ],
  [
   3,
   4
  ],
  [
   5,
   4
  ]
 ],
 "pyr_w": [
  0.9220746117126347,
  0.9856142089660332,
  0.9086710761738273,
  0.9713890832557606,
  1.8653237122765165,
  0.7144471185315021
 ],
 "pyr_a": [
  0.027156585975075597,
  -0.3211227474742185,
  0.5222660354898507,
  0.028314263705198125,
  0.1791890994219211,
  -0.5412214292546114
 ],
 "lat_w": [],
 "lat_a": [],
 "gain": 0.53247981330622,
 "relax": 0.0,
 "gate_beta": 4.0,
 "gate_delta": 0.5,
 "ladder_a": [],
 "w_slot": [
  [
   -7.398519831528324,
   -0.00689271226151022,
   7.264089001658291
  ],
  [
   -4.146291732976181,
   -2.043158097381095,
   4.587302353377739
  ],
  [
   -4.03963596815741,
   -0.3221544633308267,
   4.579213829088947
  ],
  [
   -3.328174345222281,
   0.3826449455284151,
   2.1927063097146955
  ],
  [
   -2.7858539065534034,
   0.42675662567520156,
   1.922875349125301
  ],
  [
   -2.5858602284436594,
   -0.1932113991861789,
   3.1153009245169394
  ],
  [
   -0.5585150355699013,
   0.585592220414706,
   -0.2906159101981448
  ],
  [
   -3.090658655517567,
   1.77045464866483,
   -0.08897780528177196
  ],
  [
   -1.4930881412881607,
   1.3421575134437076,
   -1.0810409977245155
  ],
  [
   -1.3187341788406572,
   1.9267081226186913,
   -1.5355734239708845
  ],
  [
   -1.6005471367419428,
   2.2407075053840213,
   -1.7445245117749264
  ],
  [
   0.3245372598821461,
   -0.4914237130801485,
   0.40645435692401183
  ],
  [
   -0.8009542615458601,
   0.03069239007573071,
   1.0852956608616502
  ],
  [
   -4.117254003096909,
   -0.3670471039675595,
   3.544240213285691
  ],
  [
   -0.5036859795851999,
   0.24187249796551175,
   0.36274879203770827
  ],
  [
   -2.773421085211413,
   0.18273450957308626,
   2.2452634650862766
  ],
  [
   -3.836216350906118,
   -0.06748094295579292,
   3.769115050773506
  ],
  [
   -4.0492583569555185,
   0.6059815053307549,
   3.4773547782100813
  ]
 ],
 "b_slot": [
  -4.462840809943311,
  6.2885648263629585,
  -4.648610904930979
 ],
 "w_glob": [
  [
   -4.59544284457016,
   0.054807197611980815,
   4.333297945206234
  ],
  [
   -1.6971766670511557,
   2.2498616965141744,
   -1.5258155793312334
  ],
  [
   -2.5954428445701567,
   0.05480719761198114,
   2.3332979452062266
  ],
  [
   -4.1936938620499795,
   5.290462636249347,
   -3.8042008818155852
  ],
  [
   -18.1392268277621,
   0.036053527115170556,
   18.1522011747386
  ]
 ],
 "b_glob": [
  -0.9416286657256262,
  1.667565497611561,
  -0.9352657934876774
 ],
 "use": {
  "lattice": false,
  "gating": false,
  "bottleneck": true,
  "deploy": true
 }
}