{
 "architecture": "GistSSM/slot-cell",
 "steps": 4,
 "step_size": 1.0,
 "edges": [
  [
   0,
   3
  ],
  [
   1,
   3
  ],
  [
   1,
   5
  ],
  [
   2,
   5
  ],
  [
   3,
   4
  ],
  [
   5,
   4
  ]
 ],
 "w": [
  0.8377989472963335,
  0.5084172481296048,
  0.5018480672245295,
  1.0439913835095256,
  0.7925963696837297,
  1.0232683349416718
 ],
 "alpha": [
  -0.05937191245779936,
  0.0024079883035337947,
  0.005732052963505802,
  0.0821823459694904,
  0.04217119196858631,
  -0.0032213089787641665
 ],
 "gain": 1.2945860810294443,
 "relax": 0.6697017312301903,
 "w_out": [
  -0.014785714381249886,
  -9.736819121278118e-05,
  9.094573139598172e-05,
  -0.10875784809830621,
  -0.09439441842530288,
  0.005268866926262576,
  -0.0013508799945976717,
  -4.6322247822880884e-05,
  -0.005407932083942899,
  -0.08341236158070715,
  -0.2409906162233026,
  -0.03957414425262703,
  -0.8279139209706271,
  -0.01385740910018876,
  -0.06239515445480278,
  -0.6577471186328405,
  -2.138737862090812,
  -0.05705678816704956,
  0.0004697000672020444,
  0.00016698674562893055,
  -0.0016618713444065652,
  0.017900666354544438,
  -0.03547786054091977,
  -0.01742641205214875,
  0.0036476537753981244,
  0.0001243212887125923,
  0.009444141609166916,
  0.15520623141424503,
  0.46558168141589124,
  0.06999671400040901,
  0.1849723188515648,
  0.021541296941384378,
  -0.128309133679023,
  0.22825456647162304,
  -0.21692643703567316,
  -0.11586399175489466,
  0.014316014314047849,
  -6.961855441614937e-05,
  0.0015709256130105823,
  0.09085718174376185,
  0.1298722789662228,
  0.012157545125886193,
  -0.0022967737808004627,
  -7.799904088971129e-05,
  -0.004036209525224018,
  -0.07179386983353822,
  -0.22459106519258842,
  -0.03042256974778202,
  0.642941602119062,
  -0.007683887841195622,
  0.19070428813382564,
  0.42949255216121857,
  2.3556642991264813,
  0.17292077992194413
 ],
 "b_out": [
  -0.5557353789116479,
  1.510415862595794,
  -0.4546804836841437
 ]
}